{"cameraMode":{"drawMode":0,"name":"Shaded","section":"Shading Mode"},"sceneLighting":true,"audioPlay":false,"sceneViewState":{"m_AlwaysRefresh":false,"showFog":true,"showSkybox":true,"showFlares":true,"showImageEffects":true,"showParticleSystems":true,"showVisualEffectGraphs":true,"m_FxEnabled":true},"in2DMode":false,"pivot":{"x":-1.1033343076705933,"y":-0.8636522889137268,"z":-0.6241950988769531},"rotation":{"x":-0.20650283992290498,"y":0.7800158858299255,"z":-0.32777363061904909,"w":-0.4914237856864929},"size":1.8866186141967774,"orthographic":false}